ID,Class
16000,0
16001,0
16002,0
16003,1
16004,1
16005,1
16006,1
16007,1
16008,0
16009,1
16010,1
16011,1
16012,0
16013,1
16014,1
16015,1
16016,1
16017,1
16018,1
16019,1
16020,1
16021,1
16022,0
16023,1
16024,0
16025,1
16026,1
16027,0
16028,1
16029,0
16030,0
16031,0
16032,0
16033,0
16034,1
16035,1
16036,1
16037,1
16038,1
16039,0
16040,0
16041,1
16042,0
16043,1
16044,1
16045,1
16046,1
16047,1
16048,1
16049,1
16050,0
16051,0
16052,1
16053,1
16054,0
16055,1
16056,1
16057,0
16058,1
16059,0
16060,0
16061,0
16062,1
16063,1
16064,1
16065,1
16066,1
16067,1
16068,0
16069,1
16070,0
16071,0
16072,0
16073,0
16074,0
16075,1
16076,0
16077,1
16078,0
16079,1
16080,1
16081,1
16082,1
16083,1
16084,1
16085,1
16086,1
16087,0
16088,1
16089,0
16090,1
16091,1
16092,1
16093,1
16094,0
16095,0
16096,1
16097,1
16098,0
16099,0
16100,0
16101,1
16102,0
16103,1
16104,0
16105,0
16106,0
16107,0
16108,0
16109,1
16110,1
16111,0
16112,1
16113,1
16114,1
16115,1
16116,1
16117,0
16118,0
16119,0
16120,1
16121,0
16122,0
16123,0
16124,0
16125,0
16126,1
16127,0
16128,1
16129,1
16130,1
16131,0
16132,0
16133,1
16134,1
16135,1
16136,0
16137,0
16138,0
16139,0
16140,1
16141,0
16142,0
16143,0
16144,1
16145,1
16146,0
16147,1
16148,1
16149,0
16150,1
16151,1
16152,1
16153,1
16154,1
16155,1
16156,1
16157,1
16158,1
16159,0
16160,1
16161,0
16162,0
16163,1
16164,1
16165,0
16166,0
16167,0
16168,0
16169,0
16170,1
16171,0
16172,1
16173,1
16174,0
16175,1
16176,1
16177,0
16178,1
16179,1
16180,1
16181,1
16182,1
16183,0
16184,0
16185,1
16186,1
16187,1
16188,0
16189,1
16190,0
16191,0
16192,1
16193,0
16194,1
16195,1
16196,0
16197,1
16198,1
16199,1
16200,0
16201,0
16202,0
16203,0
16204,0
16205,0
16206,1
16207,1
16208,1
16209,0
16210,1
16211,1
16212,1
16213,0
16214,1
16215,0
16216,0
16217,0
16218,0
16219,1
16220,1
16221,1
16222,1
16223,0
16224,0
16225,1
16226,1
16227,1
16228,1
16229,1
16230,0
16231,0
16232,1
16233,0
16234,0
16235,0
16236,1
16237,1
16238,0
16239,1
16240,0
16241,1
16242,1
16243,0
16244,1
16245,1
16246,1
16247,0
16248,0
16249,1
16250,1
16251,1
16252,0
16253,0
16254,1
16255,1
16256,1
16257,0
16258,0
16259,0
16260,0
16261,0
16262,1
16263,0
16264,1
16265,1
16266,1
16267,1
16268,0
16269,0
16270,0
16271,1
16272,1
16273,0
16274,1
16275,0
16276,1
16277,1
16278,1
16279,0
16280,1
16281,0
16282,0
16283,0
16284,1
16285,0
16286,1
16287,1
16288,0
16289,0
16290,0
16291,0
16292,0
16293,1
16294,1
16295,1
16296,0
16297,1
16298,1
16299,1
16300,1
16301,0
16302,0
16303,1
16304,0
16305,0
16306,0
16307,0
16308,0
16309,1
16310,1
16311,1
16312,1
16313,1
16314,1
16315,0
16316,1
16317,1
16318,0
16319,0
16320,0
16321,0
16322,1
16323,0
16324,1
16325,0
16326,1
16327,0
16328,1
16329,1
16330,0
16331,0
16332,1
16333,1
16334,1
16335,1
16336,0
16337,0
16338,1
16339,1
16340,1
16341,1
16342,0
16343,0
16344,0
16345,1
16346,1
16347,0
16348,1
16349,1
16350,1
16351,1
16352,1
16353,1
16354,1
16355,0
16356,0
16357,0
16358,1
16359,0
16360,0
16361,1
16362,1
16363,1
16364,1
16365,0
16366,1
16367,1
16368,1
16369,1
16370,1
16371,1
16372,1
16373,0
16374,1
16375,1
16376,1
16377,0
16378,1
16379,0
16380,0
16381,0
16382,1
16383,1
16384,1
16385,1
16386,0
16387,1
16388,1
16389,1
16390,1
16391,0
16392,1
16393,0
16394,1
16395,1
16396,0
16397,0
16398,1
16399,1
16400,1
16401,1
16402,0
16403,0
16404,0
16405,1
16406,0
16407,0
16408,1
16409,1
16410,1
16411,1
16412,1
16413,0
16414,1
16415,0
16416,1
16417,0
16418,1
16419,1
16420,0
16421,0
16422,1
16423,0
16424,1
16425,1
16426,1
16427,1
16428,1
16429,0
16430,0
16431,1
16432,1
16433,1
16434,1
16435,1
16436,1
16437,1
16438,0
16439,1
16440,1
16441,1
16442,1
16443,1
16444,0
16445,1
16446,1
16447,1
16448,1
16449,1
16450,1
16451,0
16452,1
16453,0
16454,1
16455,1
16456,0
16457,1
16458,1
16459,1
16460,1
16461,1
16462,1
16463,1
16464,1
16465,0
16466,1
16467,0
16468,1
16469,1
16470,0
16471,1
16472,0
16473,1
16474,1
16475,1
16476,0
16477,1
16478,1
16479,1
16480,1
16481,1
16482,1
16483,1
16484,1
16485,1
16486,0
16487,0
16488,1
16489,0
16490,0
16491,0
16492,1
16493,1
16494,1
16495,0
16496,0
16497,1
16498,0
16499,0
16500,1
16501,0
16502,1
16503,1
16504,1
16505,0
16506,1
16507,1
16508,0
16509,1
16510,1
16511,0
16512,0
16513,0
16514,1
16515,0
16516,0
16517,0
16518,0
16519,1
16520,0
16521,0
16522,1
16523,1
16524,1
16525,1
16526,1
16527,1
16528,0
16529,1
16530,0
16531,1
16532,0
16533,1
16534,1
16535,0
16536,0
16537,1
16538,1
16539,1
16540,1
16541,1
16542,1
16543,1
16544,0
16545,1
16546,1
16547,1
16548,0
16549,1
16550,1
16551,0
16552,1
16553,0
16554,1
16555,1
16556,1
16557,1
16558,0
16559,1
16560,0
16561,1
16562,0
16563,1
16564,0
16565,1
16566,1
16567,0
16568,0
16569,1
16570,0
16571,0
16572,1
16573,0
16574,1
16575,1
16576,1
16577,1
16578,1
16579,1
16580,1
16581,1
16582,0
16583,1
16584,1
16585,1
16586,1
16587,1
16588,1
16589,1
16590,0
16591,0
16592,1
16593,1
16594,0
16595,1
16596,0
16597,1
16598,0
16599,1
16600,1
16601,1
16602,1
16603,1
16604,1
16605,1
16606,0
16607,1
16608,0
16609,1
16610,0
16611,1
16612,1
16613,0
16614,1
16615,1
16616,1
16617,1
16618,1
16619,0
16620,0
16621,1
16622,1
16623,1
16624,0
16625,1
16626,1
16627,1
16628,1
16629,1
16630,0
16631,0
16632,1
16633,1
16634,1
16635,1
16636,1
16637,1
16638,1
16639,1
16640,0
16641,0
16642,1
16643,1
16644,0
16645,1
16646,1
16647,1
16648,1
16649,1
16650,0
16651,1
16652,0
16653,0
16654,0
16655,1
16656,1
16657,1
16658,1
16659,1
16660,1
16661,1
16662,0
16663,1
16664,0
16665,1
16666,1
16667,0
16668,1
16669,0
16670,0
16671,1
16672,0
16673,1
16674,1
16675,0
16676,1
16677,0
16678,1
16679,1
16680,1
16681,0
16682,0
16683,0
16684,1
16685,1
16686,1
16687,1
16688,0
16689,1
16690,1
16691,1
16692,1
16693,0
16694,1
16695,1
16696,1
16697,1
16698,1
16699,1
16700,1
16701,0
16702,1
16703,0
16704,1
16705,0
16706,1
16707,0
16708,0
16709,1
16710,0
16711,1
16712,1
16713,0
16714,0
16715,0
16716,1
16717,1
16718,1
16719,0
16720,1
16721,1
16722,1
16723,0
16724,0
16725,1
16726,0
16727,1
16728,1
16729,0
16730,0
16731,1
16732,1
16733,1
16734,0
16735,0
16736,1
16737,0
16738,0
16739,1
16740,1
16741,0
16742,1
16743,1
16744,1
16745,1
16746,0
16747,0
16748,1
16749,0
16750,1
16751,1
16752,1
16753,1
16754,0
16755,1
16756,1
16757,0
16758,1
16759,1
16760,1
16761,0
16762,1
16763,0
16764,1
16765,0
16766,1
16767,1
16768,1
16769,1
16770,1
16771,0
16772,0
16773,1
16774,1
16775,1
16776,0
16777,0
16778,0
16779,1
16780,1
16781,0
16782,1
16783,0
16784,1
16785,1
16786,0
16787,1
16788,1
16789,0
16790,1
16791,1
16792,1
16793,1
16794,0
16795,1
16796,0
16797,1
16798,1
16799,1
16800,1
16801,1
16802,1
16803,0
16804,1
16805,1
16806,0
16807,0
16808,1
16809,0
16810,1
16811,0
16812,1
16813,0
16814,1
16815,1
16816,1
16817,1
16818,0
16819,1
16820,0
16821,1
16822,0
16823,1
16824,1
16825,0
16826,0
16827,0
16828,1
16829,0
16830,0
16831,1
16832,0
16833,1
16834,1
16835,0
16836,1
16837,1
16838,0
16839,0
16840,1
16841,1
16842,1
16843,1
16844,0
16845,0
16846,1
16847,1
16848,0
16849,1
16850,1
16851,1
16852,1
16853,1
16854,0
16855,1
16856,1
16857,0
16858,1
16859,0
16860,1
16861,1
16862,1
16863,1
16864,1
16865,1
16866,0
16867,0
16868,1
16869,0
16870,1
16871,0
16872,0
16873,0
16874,0
16875,1
16876,0
16877,1
16878,1
16879,1
16880,1
16881,1
16882,0
16883,0
16884,1
16885,1
16886,0
16887,1
16888,1
16889,1
16890,1
16891,1
16892,1
16893,1
16894,0
16895,1
16896,1
16897,1
16898,1
16899,1
16900,1
16901,1
16902,1
16903,1
16904,1
16905,1
16906,1
16907,1
16908,0
16909,0
16910,1
16911,0
16912,1
16913,1
16914,1
16915,1
16916,0
16917,1
16918,0
16919,0
16920,0
16921,1
16922,1
16923,0
16924,1
16925,1
16926,1
16927,1
16928,1
16929,1
16930,1
16931,0
16932,0
16933,0
16934,1
16935,1
16936,1
16937,0
16938,1
16939,1
16940,0
16941,1
16942,1
16943,0
16944,1
16945,0
16946,1
16947,0
16948,1
16949,1
16950,1
16951,0
16952,0
16953,1
16954,0
16955,1
16956,1
16957,1
16958,0
16959,1
16960,0
16961,0
16962,0
16963,1
16964,1
16965,0
16966,1
16967,1
16968,1
16969,0
16970,1
16971,0
16972,1
16973,0
16974,0
16975,1
16976,1
16977,0
16978,1
16979,1
16980,0
16981,0
16982,1
16983,1
16984,1
16985,0
16986,1
16987,0
16988,1
16989,1
16990,1
16991,1
16992,1
16993,1
16994,1
16995,1
16996,1
16997,1
16998,1
16999,1
17000,0
17001,1
17002,1
17003,1
17004,1
17005,1
17006,0
17007,0
17008,1
17009,0
17010,0
17011,1
17012,1
17013,1
17014,1
17015,1
17016,1
17017,1
17018,1
17019,1
17020,1
17021,0
17022,1
17023,1
17024,1
17025,0
17026,1
17027,1
17028,1
17029,1
17030,1
17031,0
17032,1
17033,0
17034,1
17035,0
17036,0
17037,0
17038,0
17039,1
17040,0
17041,1
17042,1
17043,1
17044,0
17045,1
17046,0
17047,0
17048,0
17049,1
17050,1
17051,1
17052,1
17053,1
17054,0
17055,1
17056,1
17057,1
17058,0
17059,1
17060,0
17061,1
17062,0
17063,0
17064,1
17065,0
17066,1
17067,1
17068,1
17069,1
17070,1
17071,0
17072,1
17073,1
17074,1
17075,0
17076,0
17077,1
17078,1
17079,0
17080,0
17081,1
17082,1
17083,0
17084,0
17085,1
17086,1
17087,0
17088,0
17089,1
17090,0
17091,0
17092,0
17093,1
17094,0
17095,1
17096,1
17097,1
17098,0
17099,0
17100,0
17101,1
17102,0
17103,1
17104,0
17105,1
17106,1
17107,1
17108,0
17109,0
17110,1
17111,1
17112,1
17113,1
17114,1
17115,1
17116,0
17117,1
17118,0
17119,1
17120,1
17121,1
17122,0
17123,0
17124,1
17125,1
17126,1
17127,1
17128,1
17129,0
17130,1
17131,1
17132,1
17133,0
17134,1
17135,1
17136,1
17137,1
17138,1
17139,1
17140,1
17141,0
17142,0
17143,0
17144,1
17145,0
17146,1
17147,1
17148,0
17149,0
17150,1
17151,1
17152,0
17153,0
17154,1
17155,0
17156,1
17157,0
17158,1
17159,1
17160,1
17161,1
17162,1
17163,1
17164,0
17165,1
17166,1
17167,0
17168,1
17169,1
17170,0
17171,1
17172,1
17173,1
17174,0
17175,0
17176,1
17177,0
17178,0
17179,1
17180,0
17181,1
17182,0
17183,0
17184,1
17185,1
17186,1
17187,0
17188,0
17189,0
17190,0
17191,1
17192,1
17193,1
17194,1
17195,1
17196,1
17197,0
17198,1
17199,1
17200,0
17201,1
17202,0
17203,1
17204,0
17205,1
17206,1
17207,0
17208,1
17209,1
17210,1
17211,1
17212,1
17213,1
17214,1
17215,1
17216,0
17217,0
17218,0
17219,1
17220,0
17221,1
17222,1
17223,0
17224,0
17225,1
17226,0
17227,0
17228,0
17229,1
17230,1
17231,0
17232,0
17233,1
17234,0
17235,1
17236,1
17237,0
17238,1
17239,0
17240,1
17241,1
17242,1
17243,1
17244,1
17245,1
17246,0
17247,0
17248,1
17249,1
17250,1
17251,1
17252,1
17253,1
17254,0
17255,0
17256,1
17257,1
17258,1
17259,1
17260,1
17261,1
17262,1
17263,1
17264,1
17265,0
17266,1
17267,0
17268,1
17269,1
17270,1
17271,0
17272,1
17273,1
17274,1
17275,0
17276,1
17277,0
17278,0
17279,0
17280,1
17281,1
17282,1
17283,1
17284,1
17285,1
17286,0
17287,1
17288,0
17289,1
17290,0
17291,1
17292,1
17293,1
17294,1
17295,1
17296,0
17297,1
17298,1
17299,1
17300,1
17301,1
17302,0
17303,0
17304,1
17305,1
17306,0
17307,1
17308,1
17309,0
17310,1
17311,0
17312,0
17313,0
17314,0
17315,0
17316,0
17317,1
17318,1
17319,0
17320,0
17321,1
17322,0
17323,0
17324,1
17325,1
17326,0
17327,1
17328,1
17329,1
17330,0
17331,1
17332,0
17333,0
17334,1
17335,0
17336,0
17337,1
17338,0
17339,0
17340,1
17341,1
17342,0
17343,1
17344,1
17345,1
17346,0
17347,0
17348,1
17349,1
17350,0
17351,0
17352,1
17353,0
17354,0
17355,0
17356,0
17357,1
17358,0
17359,0
17360,1
17361,0
17362,0
17363,0
17364,0
17365,1
17366,1
17367,1
17368,1
17369,0
17370,1
17371,1
17372,1
17373,0
17374,0
17375,1
17376,1
17377,0
17378,1
17379,1
17380,0
17381,1
17382,1
17383,1
17384,1
17385,1
17386,1
17387,1
17388,0
17389,0
17390,0
17391,1
17392,0
17393,1
17394,0
17395,1
17396,1
17397,1
17398,0
17399,1
17400,1
17401,1
17402,1
17403,0
17404,1
17405,1
17406,0
17407,1
17408,1
17409,0
17410,1
17411,1
17412,1
17413,1
17414,1
17415,1
17416,1
17417,1
17418,0
17419,1
17420,0
17421,1
17422,0
17423,1
17424,0
17425,1
17426,0
17427,1
17428,1
17429,1
17430,1
17431,0
17432,1
17433,0
17434,1
17435,0
17436,0
17437,0
17438,1
17439,0
17440,1
17441,1
17442,0
17443,0
17444,1
17445,1
17446,1
17447,0
17448,0
17449,1
17450,0
17451,1
17452,0
17453,0
17454,1
17455,0
17456,0
17457,1
17458,1
17459,1
17460,1
17461,0
17462,1
17463,1
17464,1
17465,0
17466,0
17467,0
17468,0
17469,0
17470,1
17471,0
17472,0
17473,1
17474,0
17475,1
17476,1
17477,1
17478,1
17479,1
17480,1
17481,0
17482,0
17483,0
17484,1
17485,0
17486,1
17487,0
17488,1
17489,1
17490,1
17491,1
17492,1
17493,1
17494,1
17495,1
17496,0
17497,1
17498,1
17499,1
17500,1
17501,0
17502,1
17503,0
17504,0
17505,0
17506,0
17507,1
17508,0
17509,0
17510,0
17511,0
17512,1
17513,1
17514,1
17515,0
17516,0
17517,1
17518,1
17519,0
17520,0
17521,1
17522,1
17523,0
17524,1
17525,1
17526,1
17527,1
17528,1
17529,1
17530,1
17531,0
17532,0
17533,1
17534,0
17535,1
17536,1
17537,0
17538,0
17539,1
17540,1
17541,1
17542,0
17543,0
17544,1
17545,1
17546,0
17547,1
17548,0
17549,1
17550,0
17551,1
17552,1
17553,1
17554,1
17555,1
17556,1
17557,1
17558,1
17559,0
17560,0
17561,1
17562,1
17563,1
17564,1
17565,1
17566,0
17567,1
17568,1
17569,1
17570,1
17571,1
17572,1
17573,0
17574,1
17575,0
17576,0
17577,1
17578,0
17579,1
17580,1
17581,0
17582,0
17583,1
17584,0
17585,0
17586,1
17587,1
17588,1
17589,1
17590,0
17591,1
17592,1
17593,1
17594,1
17595,0
17596,1
17597,1
17598,1
17599,1
17600,1
17601,1
17602,0
17603,0
17604,0
17605,0
17606,1
17607,0
17608,0
17609,0
17610,1
17611,1
17612,1
17613,1
17614,1
17615,0
17616,0
17617,1
17618,1
17619,0
17620,1
17621,0
17622,1
17623,1
17624,1
17625,1
17626,0
17627,1
17628,0
17629,1
17630,1
17631,0
17632,1
17633,0
17634,1
17635,1
17636,1
17637,0
17638,1
17639,1
17640,1
17641,0
17642,0
17643,1
17644,1
17645,1
17646,0
17647,0
17648,1
17649,1
17650,1
17651,0
17652,0
17653,1
17654,1
17655,0
17656,0
17657,0
17658,0
17659,1
17660,0
17661,1
17662,0
17663,1
17664,1
17665,0
17666,1
17667,1
17668,0
17669,0
17670,0
17671,1
17672,1
17673,0
17674,1
17675,0
17676,1
17677,1
17678,0
17679,0
17680,1
17681,0
17682,1
17683,0
17684,1
17685,1
17686,0
17687,0
17688,1
17689,1
17690,1
17691,0
17692,0
17693,1
17694,0
17695,1
17696,0
17697,0
17698,1
17699,1
17700,1
17701,1
17702,0
17703,1
17704,1
17705,1
17706,0
17707,0
17708,1
17709,1
17710,1
17711,1
17712,0
17713,1
17714,0
17715,1
17716,1
17717,1
17718,1
17719,0
17720,1
17721,0
17722,1
17723,0
17724,0
17725,0
17726,1
17727,1
17728,0
17729,0
17730,1
17731,0
17732,0
17733,1
17734,1
17735,0
17736,0
17737,1
17738,0
17739,1
17740,1
17741,0
17742,0
17743,0
17744,1
17745,1
17746,1
17747,1
17748,1
17749,1
17750,1
17751,0
17752,1
17753,0
17754,0
17755,1
17756,1
17757,0
17758,0
17759,1
17760,0
17761,1
17762,0
17763,0
17764,1
17765,1
17766,0
17767,1
17768,1
17769,1
17770,1
17771,1
17772,0
17773,0
17774,1
17775,1
17776,0
17777,1
17778,1
17779,1
17780,1
17781,1
17782,0
17783,1
17784,1
17785,0
17786,1
17787,1
17788,1
17789,1
17790,0
17791,0
17792,0
17793,1
17794,0
17795,1
17796,1
17797,1
17798,1
17799,1
17800,1
17801,0
17802,0
17803,1
17804,1
17805,1
17806,1
17807,1
17808,1
17809,1
17810,0
17811,0
17812,0
17813,0
17814,1
17815,1
17816,1
17817,0
17818,1
17819,1
17820,0
17821,1
17822,0
17823,1
17824,1
17825,0
17826,1
17827,1
17828,1
17829,0
17830,0
17831,0
17832,0
17833,0
17834,0
17835,0
17836,1
17837,1
17838,1
17839,0
17840,0
17841,1
17842,1
17843,0
17844,1
17845,1
17846,0
17847,0
17848,1
17849,0
17850,1
17851,1
17852,1
17853,1
17854,1
17855,1
17856,1
17857,0
17858,1
17859,1
17860,1
17861,0
17862,0
17863,0
17864,1
17865,1
17866,0
17867,0
17868,0
17869,1
17870,0
17871,1
17872,1
17873,1
17874,0
17875,1
17876,0
17877,0
17878,1
17879,0
17880,0
17881,1
17882,1
17883,0
17884,0
17885,1
17886,1
17887,1
17888,1
17889,1
17890,1
17891,0
17892,1
17893,1
17894,1
17895,0
17896,1
17897,0
17898,0
17899,1
17900,1
17901,1
17902,1
17903,1
17904,0
17905,1
17906,1
17907,1
17908,1
17909,1
17910,1
17911,1
17912,1
17913,1
17914,1
17915,1
17916,1
17917,1
17918,0
17919,0
17920,0
17921,1
17922,0
17923,1
17924,1
17925,1
17926,0
17927,1
17928,0
17929,1
17930,1
17931,0
17932,1
17933,1
17934,1
17935,0
17936,0
17937,0
17938,0
17939,0
17940,1
17941,1
17942,0
17943,1
17944,1
17945,1
17946,1
17947,1
17948,1
17949,0
17950,0
17951,0
17952,0
17953,1
17954,1
17955,1
17956,1
17957,0
17958,1
17959,0
17960,0
17961,0
17962,1
17963,1
17964,1
17965,1
17966,1
17967,1
17968,1
17969,0
17970,0
17971,1
17972,1
17973,1
17974,1
17975,0
17976,1
17977,1
17978,1
17979,1
17980,1
17981,1
17982,0
17983,1
17984,1
17985,0
17986,1
17987,1
17988,1
17989,1
17990,0
17991,0
17992,1
17993,1
17994,1
17995,1
17996,0
17997,1
17998,1
17999,1
18000,1
18001,0
18002,1
18003,0
18004,0
18005,0
18006,1
18007,1
18008,1
18009,1
18010,1
18011,1
18012,0
18013,0
18014,1
18015,1
18016,0
18017,0
18018,0
18019,1
18020,1
18021,1
18022,0
18023,1
18024,1
18025,0
18026,0
18027,1
18028,1
18029,0
18030,1
18031,1
18032,1
18033,0
18034,0
18035,1
18036,0
18037,1
18038,1
18039,0
18040,0
18041,0
18042,0
18043,1
18044,0
18045,0
18046,1
18047,0
18048,1
18049,1
18050,1
18051,0
18052,1
18053,1
18054,0
18055,1
18056,1
18057,1
18058,0
18059,1
18060,1
18061,0
18062,0
18063,0
18064,1
18065,0
18066,0
18067,1
18068,1
18069,0
18070,1
18071,1
18072,0
18073,1
18074,1
18075,1
18076,1
18077,1
18078,1
18079,0
18080,1
18081,1
18082,1
18083,1
18084,0
18085,1
18086,1
18087,1
18088,1
18089,1
18090,1
18091,1
18092,0
18093,0
18094,1
18095,1
18096,1
18097,1
18098,1
18099,1
18100,1
18101,1
18102,0
18103,1
18104,0
18105,0
18106,0
18107,1
18108,0
18109,1
18110,1
18111,1
18112,1
18113,1
18114,1
18115,1
18116,0
18117,1
18118,0
18119,0
18120,1
18121,0
18122,0
18123,1
18124,0
18125,0
18126,0
18127,0
18128,1
18129,1
18130,0
18131,1
18132,0
18133,1
18134,1
18135,1
18136,0
18137,1
18138,1
18139,1
18140,1
18141,1
18142,1
18143,0
18144,1
18145,1
18146,1
18147,1
18148,1
18149,0
18150,1
18151,1
18152,1
18153,0
18154,0
18155,0
18156,0
18157,1
18158,1
18159,0
18160,1
18161,1
18162,0
18163,1
18164,1
18165,1
18166,1
18167,1
18168,1
18169,1
18170,1
18171,1
18172,0
18173,0
18174,1
18175,0
18176,1
18177,1
18178,0
18179,1
18180,0
18181,1
18182,0
18183,1
18184,1
18185,1
18186,0
18187,1
18188,0
18189,1
18190,0
18191,0
18192,0
18193,0
18194,1
18195,1
18196,1
18197,0
18198,1
18199,1
18200,1
18201,1
18202,0
18203,1
18204,0
18205,1
18206,0
18207,1
18208,1
18209,0
18210,0
18211,0
18212,1
18213,0
18214,1
18215,0
18216,1
18217,1
18218,0
18219,1
18220,1
18221,0
18222,1
18223,0
18224,1
18225,1
18226,1
18227,0
18228,1
18229,1
18230,0
18231,1
18232,1
18233,1
18234,1
18235,0
18236,0
18237,1
18238,1
18239,1
18240,0
18241,1
18242,1
18243,1
18244,0
18245,1
18246,1
18247,0
18248,0
18249,1
18250,1
18251,1
18252,0
18253,1
18254,1
18255,1
18256,1
18257,1
18258,1
18259,0
18260,0
18261,1
18262,1
18263,0
18264,1
18265,1
18266,0
18267,0
18268,0
18269,0
18270,0
18271,1
18272,0
18273,0
18274,0
18275,1
18276,0
18277,1
18278,0
18279,1
18280,1
18281,1
18282,1
18283,1
18284,1
18285,1
18286,1
18287,1
18288,0
18289,0
18290,0
18291,1
18292,1
18293,1
18294,1
18295,0
18296,1
18297,1
18298,0
18299,1
18300,1
18301,1
18302,1
18303,1
18304,0
18305,1
18306,1
18307,1
18308,0
18309,1
18310,1
18311,1
18312,1
18313,0
18314,0
18315,1
18316,0
18317,1
18318,1
18319,1
18320,1
18321,1
18322,0
18323,1
18324,1
18325,1
18326,1
18327,1
18328,0
18329,1
18330,0
18331,0
18332,1
18333,0
18334,0
18335,1
18336,1
18337,1
18338,1
18339,1
18340,1
18341,1
18342,0
18343,1
18344,0
18345,1
18346,1
18347,1
18348,0
18349,1
18350,1
18351,1
18352,1
18353,1
18354,1
18355,0
18356,1
18357,1
18358,0
18359,0
18360,0
18361,0
18362,0
18363,1
18364,0
18365,0
18366,1
18367,0
18368,1
18369,0
18370,1
18371,0
18372,1
18373,0
18374,1
18375,1
18376,1
18377,1
18378,1
18379,1
18380,0
18381,1
18382,1
18383,1
18384,0
18385,0
18386,1
18387,1
18388,0
18389,0
18390,1
18391,0
18392,1
18393,0
18394,1
18395,0
18396,1
18397,1
18398,1
18399,0
18400,0
18401,0
18402,0
18403,1
18404,1
18405,0
18406,1
18407,0
18408,0
18409,0
18410,0
18411,1
18412,0
18413,0
18414,1
18415,1
18416,0
18417,0
18418,0
18419,1
18420,1
18421,0
18422,0
18423,0
18424,1
18425,1
18426,0
18427,1
18428,0
18429,1
18430,0
18431,1
18432,1
18433,1
18434,1
18435,0
18436,1
18437,0
18438,0
18439,1
18440,1
18441,1
18442,0
18443,1
18444,1
18445,0
18446,1
18447,0
18448,1
18449,0
18450,1
18451,1
18452,1
18453,1
18454,0
18455,0
18456,1
18457,0
18458,1
18459,1
18460,0
18461,0
18462,1
18463,1
18464,1
18465,0
18466,0
18467,0
18468,0
18469,1
18470,1
18471,0
18472,1
18473,1
18474,0
18475,1
18476,1
18477,1
18478,0
18479,0
18480,1
18481,0
18482,1
18483,0
18484,1
18485,0
18486,0
18487,1
18488,1
18489,0
18490,1
18491,1
18492,1
18493,1
18494,1
18495,1
18496,1
18497,1
18498,1
18499,1
18500,1
18501,1
18502,1
18503,1
18504,1
18505,1
18506,1
18507,0
18508,1
18509,1
18510,1
18511,1
18512,1
18513,1
18514,1
18515,1
18516,0
18517,1
18518,1
18519,1
18520,1
18521,1
18522,0
18523,1
18524,0
18525,1
18526,0
18527,1
18528,1
18529,0
18530,1
18531,1
18532,0
18533,0
18534,1
18535,1
18536,1
18537,1
18538,1
18539,1
18540,1
18541,1
18542,0
18543,1
18544,1
18545,0
18546,1
18547,1
18548,1
18549,0
18550,1
18551,1
18552,1
18553,1
18554,0
18555,0
18556,0
18557,0
18558,1
18559,1
18560,0
18561,0
18562,1
18563,1
18564,1
18565,1
18566,1
18567,1
18568,1
18569,1
18570,1
18571,0
18572,1
18573,1
18574,1
18575,1
18576,0
18577,0
18578,0
18579,1
18580,1
18581,1
18582,1
18583,1
18584,1
18585,1
18586,1
18587,1
18588,0
18589,0
18590,0
18591,1
18592,0
18593,1
18594,0
18595,1
18596,0
18597,1
18598,0
18599,0
18600,0
18601,1
18602,0
18603,0
18604,1
18605,1
18606,1
18607,1
18608,0
18609,0
18610,0
18611,1
18612,1
18613,1
18614,1
18615,1
18616,1
18617,1
18618,0
18619,1
18620,0
18621,0
18622,1
18623,1
18624,0
18625,1
18626,0
18627,1
18628,1
18629,0
18630,0
18631,1
18632,0
18633,1
18634,0
18635,1
18636,1
18637,1
18638,0
18639,1
18640,1
18641,0
18642,0
18643,1
18644,0
18645,1
18646,0
18647,0
18648,1
18649,0
18650,1
18651,0
18652,0
18653,1
18654,0
18655,1
18656,1
18657,0
18658,0
18659,0
18660,1
18661,1
18662,0
18663,0
18664,1
18665,0
18666,0
18667,0
18668,0
18669,1
18670,1
18671,0
18672,1
18673,1
18674,0
18675,0
18676,0
18677,0
18678,1
18679,0
18680,1
18681,1
18682,1
18683,0
18684,1
18685,1
18686,1
18687,0
18688,1
18689,0
18690,1
18691,0
18692,0
18693,0
18694,1
18695,1
18696,1
18697,0
18698,0
18699,0
18700,1
18701,1
18702,1
18703,1
18704,0
18705,1
18706,1
18707,1
18708,1
18709,1
18710,1
18711,1
18712,0
18713,0
18714,1
18715,1
18716,0
18717,1
18718,0
18719,1
18720,1
18721,1
18722,1
18723,1
18724,1
18725,0
18726,0
18727,0
18728,0
18729,1
18730,1
18731,0
18732,0
18733,1
18734,1
18735,1
18736,1
18737,1
18738,1
18739,1
18740,0
18741,1
18742,1
18743,1
18744,1
18745,1
18746,1
18747,0
18748,0
18749,1
18750,1
18751,0
18752,0
18753,1
18754,1
18755,0
18756,1
18757,1
18758,0
18759,1
18760,0
18761,1
18762,1
18763,1
18764,0
18765,1
18766,1
18767,0
18768,1
18769,1
18770,0
18771,1
18772,1
18773,0
18774,1
18775,1
18776,0
18777,0
18778,0
18779,0
18780,0
18781,0
18782,1
18783,0
18784,0
18785,1
18786,1
18787,1
18788,0
18789,1
18790,0
18791,1
18792,1
18793,1
18794,0
18795,0
18796,1
18797,1
18798,1
18799,0
18800,1
18801,1
18802,0
18803,0
18804,1
18805,0
18806,1
18807,1
18808,1
18809,0
18810,1
18811,1
18812,0
18813,1
18814,0
18815,1
18816,0
18817,0
18818,1
18819,1
18820,0
18821,1
18822,0
18823,0
18824,1
18825,1
18826,1
18827,1
18828,1
18829,1
18830,0
18831,0
18832,1
18833,1
18834,1
18835,1
18836,1
18837,0
18838,1
18839,1
18840,1
18841,0
18842,1
18843,0
18844,1
18845,1
18846,0
18847,1
18848,0
18849,1
18850,0
18851,0
18852,0
18853,1
18854,1
18855,1
18856,1
18857,1
18858,0
18859,1
18860,1
18861,0
18862,1
18863,1
18864,0
18865,0
18866,1
18867,0
18868,1
18869,1
18870,1
18871,0
18872,1
18873,1
18874,0
18875,0
18876,0
18877,1
18878,1
18879,0
18880,1
18881,1
18882,1
18883,1
18884,0
18885,1
18886,1
18887,0
18888,1
18889,0
18890,1
18891,1
18892,1
18893,1
18894,0
18895,0
18896,0
18897,1
18898,1
18899,1
18900,0
18901,1
18902,1
18903,1
18904,0
18905,1
18906,1
18907,1
18908,0
18909,1
18910,1
18911,1
18912,1
18913,1
18914,0
18915,0
18916,0
18917,0
18918,0
18919,1
18920,0
18921,1
18922,1
18923,1
18924,1
18925,1
18926,1
18927,1
18928,0
18929,1
18930,1
18931,0
18932,0
18933,1
18934,1
18935,1
18936,1
18937,1
18938,0
18939,1
18940,0
18941,1
18942,1
18943,1
18944,1
18945,1
18946,1
18947,1
18948,1
18949,1
18950,1
18951,1
18952,1
18953,0
18954,0
18955,1
18956,1
18957,0
18958,1
18959,1
18960,0
18961,0
18962,1
18963,0
18964,1
18965,0
18966,0
18967,1
18968,1
18969,0
18970,1
18971,1
18972,0
18973,1
18974,1
18975,1
18976,1
18977,0
18978,1
18979,1
18980,1
18981,1
18982,0
18983,1
18984,1
18985,1
18986,1
18987,1
18988,1
18989,1
18990,1
18991,1
18992,1
18993,0
18994,1
18995,1
18996,1
18997,0
18998,0
18999,1
19000,1
19001,1
19002,1
19003,0
19004,1
19005,1
19006,1
19007,0
19008,1
19009,0
19010,1
19011,0
19012,1
19013,0
19014,0
19015,1
19016,0
19017,0
19018,0
19019,1
19020,1
19021,1
19022,0
19023,0
19024,1
19025,1
19026,1
19027,1
19028,1
19029,1
19030,1
19031,0
19032,1
19033,1
19034,1
19035,0
19036,1
19037,1
19038,0
19039,1
19040,0
19041,0
19042,1
19043,0
19044,0
19045,1
19046,1
19047,1
19048,1
19049,1
19050,1
19051,1
19052,1
19053,1
19054,0
19055,0
19056,0
19057,1
19058,0
19059,0
19060,1
19061,0
19062,1
19063,1
19064,1
19065,0
19066,1
19067,1
19068,1
19069,0
19070,1
19071,1
19072,1
19073,1
19074,1
19075,1
19076,1
19077,0
19078,1
19079,0
19080,1
19081,1
19082,1
19083,0
19084,1
19085,0
19086,1
19087,1
19088,1
19089,1
19090,1
19091,1
19092,1
19093,1
19094,0
19095,1
19096,0
19097,1
19098,1
19099,1
19100,1
19101,1
19102,1
19103,1
19104,1
19105,1
19106,1
19107,0
19108,0
19109,0
19110,1
19111,1
19112,1
19113,1
19114,0
19115,1
19116,0
19117,1
19118,1
19119,1
19120,1
19121,1
19122,1
19123,0
19124,1
19125,0
19126,0
19127,1
19128,0
19129,1
19130,0
19131,0
19132,1
19133,1
19134,1
19135,1
19136,0
19137,1
19138,0
19139,1
19140,1
19141,1
19142,1
19143,1
19144,0
19145,1
19146,1
19147,1
19148,1
19149,1
19150,0
19151,1
19152,1
19153,0
19154,0
19155,0
19156,1
19157,0
19158,1
19159,0
19160,0
19161,1
19162,1
19163,1
19164,0
19165,1
19166,1
19167,1
19168,0
19169,1
19170,1
19171,1
19172,1
19173,0
19174,1
19175,1
19176,1
19177,1
19178,0
19179,1
19180,1
19181,1
19182,1
19183,0
19184,1
19185,1
19186,1
19187,1
19188,1
19189,0
19190,0
19191,1
19192,1
19193,1
19194,0
19195,0
19196,0
19197,1
19198,1
19199,1
19200,1
19201,0
19202,0
19203,1
19204,1
19205,1
19206,1
19207,0
19208,1
19209,0
19210,1
19211,0
19212,0
19213,1
19214,0
19215,1
19216,1
19217,0
19218,1
19219,1
19220,0
19221,1
19222,1
19223,0
19224,1
19225,0
19226,1
19227,1
19228,1
19229,1
19230,1
19231,1
19232,1
19233,1
19234,1
19235,1
19236,0
19237,1
19238,1
19239,1
19240,1
19241,0
19242,0
19243,1
19244,0
19245,0
19246,1
19247,0
19248,0
19249,0
19250,0
19251,0
19252,1
19253,0
19254,1
19255,0
19256,1
19257,0
19258,0
19259,1
19260,1
19261,0
19262,1
19263,0
19264,1
19265,1
19266,1
19267,1
19268,0
19269,0
19270,1
19271,0
19272,0
19273,1
19274,1
19275,1
19276,0
19277,0
19278,1
19279,1
19280,0
19281,1
19282,1
19283,0
19284,0
19285,1
19286,0
19287,1
19288,0
19289,0
19290,0
19291,1
19292,1
19293,1
19294,0
19295,1
19296,0
19297,1
19298,0
19299,1
19300,1
19301,0
19302,0
19303,0
19304,1
19305,1
19306,0
19307,1
19308,1
19309,0
19310,1
19311,1
19312,1
19313,0
19314,1
19315,1
19316,1
19317,0
19318,0
19319,1
19320,0
19321,1
19322,1
19323,1
19324,1
19325,0
19326,1
19327,1
19328,1
19329,1
19330,1
19331,1
19332,1
19333,1
19334,1
19335,1
19336,1
19337,1
19338,0
19339,1
19340,1
19341,1
19342,1
19343,0
19344,1
19345,0
19346,0
19347,1
19348,0
19349,1
19350,0
19351,0
19352,1
19353,0
19354,1
19355,0
19356,1
19357,0
19358,1
19359,1
19360,1
19361,1
19362,0
19363,1
19364,1
19365,0
19366,1
19367,1
19368,0
19369,1
19370,0
19371,1
19372,1
19373,1
19374,1
19375,1
19376,1
19377,1
19378,1
19379,1
19380,1
19381,1
19382,1
19383,0
19384,1
19385,0
19386,1
19387,0
19388,1
19389,1
19390,1
19391,1
19392,1
19393,1
19394,1
19395,1
19396,1
19397,1
19398,1
19399,1
19400,0
19401,1
19402,0
19403,0
19404,1
19405,1
19406,1
19407,1
19408,1
19409,1
19410,1
19411,1
19412,1
19413,1
19414,1
19415,0
19416,0
19417,1
19418,1
19419,0
19420,0
19421,0
19422,0
19423,1
19424,1
19425,1
19426,1
19427,1
19428,0
19429,1
19430,1
19431,0
19432,1
19433,1
19434,0
19435,0
19436,1
19437,1
19438,1
19439,1
19440,0
19441,1
19442,0
19443,1
19444,1
19445,0
19446,1
19447,1
19448,1
19449,1
19450,0
19451,1
19452,1
19453,0
19454,1
19455,1
19456,1
19457,1
19458,1
19459,1
19460,0
19461,0
19462,0
19463,0
19464,1
19465,1
19466,1
19467,0
19468,0
19469,1
19470,0
19471,0
19472,0
19473,1
19474,1
19475,0
19476,1
19477,1
19478,0
19479,0
19480,1
19481,1
19482,0
19483,1
19484,0
19485,1
19486,1
19487,1
19488,1
19489,0
19490,1
19491,1
19492,0
19493,0
19494,1
19495,0
19496,1
19497,0
19498,1
19499,1
19500,0
19501,1
19502,1
19503,1
19504,1
19505,1
19506,1
19507,1
19508,1
19509,1
19510,1
19511,1
19512,1
19513,0
19514,1
19515,1
19516,0
19517,1
19518,0
19519,1
19520,1
19521,1
19522,0
19523,1
19524,0
19525,1
19526,1
19527,0
19528,1
19529,1
19530,1
19531,1
19532,1
19533,1
19534,1
19535,1
19536,0
19537,1
19538,1
19539,0
19540,1
19541,0
19542,1
19543,1
19544,1
19545,0
19546,0
19547,1
19548,1
19549,1
19550,0
19551,1
19552,1
19553,0
19554,1
19555,1
19556,1
19557,1
19558,1
19559,1
19560,1
19561,1
19562,1
19563,0
19564,0
19565,1
19566,0
19567,0
19568,0
19569,1
19570,1
19571,0
19572,1
19573,1
19574,1
19575,1
19576,1
19577,1
19578,0
19579,0
19580,0
19581,1
19582,1
19583,1
19584,0
19585,1
19586,1
19587,1
19588,1
19589,1
19590,1
19591,0
19592,1
19593,1
19594,1
19595,1
19596,1
19597,1
19598,1
19599,1
19600,1
19601,0
19602,1
19603,1
19604,1
19605,1
19606,1
19607,0
19608,1
19609,0
19610,1
19611,1
19612,0
19613,1
19614,0
19615,0
19616,1
19617,0
19618,1
19619,1
19620,0
19621,1
19622,1
19623,0
19624,1
19625,0
19626,1
19627,1
19628,0
19629,1
19630,1
19631,1
19632,1
19633,0
19634,1
19635,1
19636,0
19637,1
19638,1
19639,1
19640,1
19641,0
19642,0
19643,0
19644,1
19645,1
19646,0
19647,0
19648,1
19649,0
19650,1
19651,0
19652,1
19653,1
19654,1
19655,1
19656,0
19657,0
19658,1
19659,0
19660,0
19661,1
19662,1
19663,1
19664,1
19665,0
19666,0
19667,0
19668,1
19669,1
19670,1
19671,1
19672,1
19673,0
19674,0
19675,0
19676,1
19677,0
19678,1
19679,1
19680,0
19681,0
19682,1
19683,1
19684,0
19685,0
19686,1
19687,1
19688,1
19689,0
19690,0
19691,1
19692,0
19693,1
19694,1
19695,0
19696,0
19697,1
19698,1
19699,1
19700,0
19701,1
19702,1
19703,1
19704,1
19705,1
19706,1
19707,1
19708,1
19709,1
19710,1
19711,1
19712,1
19713,1
19714,0
19715,1
19716,1
19717,0
19718,1
19719,1
19720,0
19721,1
19722,0
19723,0
19724,1
19725,0
19726,1
19727,1
19728,1
19729,0
19730,1
19731,0
19732,0
19733,0
19734,1
19735,1
19736,1
19737,1
19738,1
19739,1
19740,0
19741,1
19742,1
19743,0
19744,1
19745,0
19746,0
19747,1
19748,1
19749,1
19750,0
19751,1
19752,0
19753,0
19754,0
19755,0
19756,0
19757,1
19758,0
19759,1
19760,0
19761,1
19762,1
19763,1
19764,1
19765,0
19766,1
19767,1
19768,1
19769,1
19770,1
19771,1
19772,1
19773,0
19774,1
19775,1
19776,1
19777,1
19778,0
19779,1
19780,1
19781,1
19782,1
19783,1
19784,1
19785,0
19786,1
19787,1
19788,1
19789,1
19790,1
19791,0
19792,0
19793,1
19794,0
19795,1
19796,1
19797,0
19798,1
19799,1
19800,1
19801,1
19802,0
19803,1
19804,0
19805,1
19806,1
19807,0
19808,0
19809,1
19810,1
19811,1
19812,1
19813,1
19814,1
19815,0
19816,1
19817,1
19818,1
19819,1
19820,1
19821,1
19822,1
19823,1
19824,1
19825,1
19826,0
19827,1
19828,1
19829,1
19830,0
19831,0
19832,0
19833,1
19834,1
19835,1
19836,1
19837,1
19838,1
19839,0
19840,0
19841,0
19842,1
19843,1
19844,0
19845,0
19846,0
19847,1
19848,1
19849,0
19850,1
19851,1
19852,1
19853,0
19854,1
19855,1
19856,1
19857,1
19858,1
19859,0
19860,0
19861,0
19862,0
19863,1
19864,1
19865,1
19866,0
19867,1
19868,1
19869,1
19870,1
19871,0
19872,1
19873,1
19874,0
19875,1
19876,1
19877,1
19878,1
19879,0
19880,0
19881,1
19882,1
19883,1
19884,0
19885,0
19886,0
19887,0
19888,1
19889,0
19890,0
19891,0
19892,0
19893,1
19894,0
19895,0
19896,1
19897,0
19898,1
19899,0
19900,1
19901,1
19902,1
19903,1
19904,0
19905,1
19906,1
19907,0
19908,0
19909,0
19910,1
19911,0
19912,0
19913,0
19914,1
19915,1
19916,1
19917,0
19918,1
19919,1
19920,1
19921,1
19922,0
19923,1
19924,1
19925,0
19926,0
19927,1
19928,1
19929,1
19930,0
19931,1
19932,1
19933,1
19934,1
19935,0
19936,0
19937,1
19938,0
19939,0
19940,0
19941,1
19942,0
19943,1
19944,1
19945,0
19946,1
19947,1
19948,1
19949,0
19950,0
19951,0
19952,1
19953,1
19954,0
19955,1
19956,0
19957,1
19958,0
19959,0
19960,1
19961,1
19962,1
19963,1
19964,1
19965,1
19966,0
19967,1
19968,0
19969,1
19970,1
19971,1
19972,0
19973,0
19974,0
19975,0
19976,0
19977,1
19978,1
19979,0
19980,1
19981,1
19982,1
19983,1
19984,1
19985,0
19986,1
19987,1
19988,0
19989,0
19990,0
19991,0
19992,1
19993,0
19994,1
19995,1
19996,1
19997,1
19998,1
19999,1
20000,1
20001,1
20002,1
20003,1
20004,1
20005,0
20006,0
20007,1
20008,1
20009,1
20010,0
20011,1
20012,1
20013,1
20014,1
20015,0
20016,1
20017,0
20018,0
20019,1
20020,1
20021,0
20022,1
20023,0
20024,1
20025,0
20026,1
20027,1
20028,0
20029,1
20030,1
20031,1
20032,1
20033,0
20034,1
20035,1
20036,1
20037,1
20038,0
20039,1
20040,1
20041,0
20042,1
20043,1
20044,1
20045,1
20046,0
20047,0
20048,1
20049,1
20050,1
20051,0
20052,1
20053,1
20054,1
20055,0
20056,0
20057,1
20058,0
20059,1
20060,1
20061,0
20062,0
20063,1
20064,1
20065,1
20066,1
20067,0
20068,1
20069,1
20070,1
20071,1
20072,1
20073,1
20074,0
20075,1
20076,1
20077,1
20078,0
20079,0
20080,1
20081,0
20082,0
20083,1
20084,1
20085,0
20086,0
20087,1
20088,1
20089,1
20090,0
20091,1
20092,0
20093,1
20094,1
20095,0
20096,1
20097,0
20098,0
20099,1
20100,1
20101,1
20102,1
20103,0
20104,0
20105,1
20106,1
20107,0
20108,1
20109,0
20110,1
20111,1
20112,1
20113,1
20114,1
20115,1
20116,1
20117,1
20118,0
20119,1
20120,1
20121,1
20122,1
20123,0
20124,1
20125,1
20126,1
20127,1
20128,0
20129,1
20130,1
20131,0
20132,1
20133,0
20134,0
20135,1
20136,1
20137,1
20138,1
20139,0
20140,1
20141,1
20142,1
20143,0
20144,1
20145,1
20146,1
20147,0
20148,1
20149,1
20150,1
20151,1
20152,0
20153,1
20154,0
20155,1
20156,0
20157,1
20158,1
20159,0
20160,1
20161,1
20162,1
20163,0
20164,0
20165,1
20166,0
20167,0
20168,1
20169,1
20170,0
20171,1
20172,1
20173,1
20174,1
20175,1
20176,0
20177,1
20178,1
20179,1
20180,0
20181,1
20182,0
20183,1
20184,1
20185,0
20186,0
20187,0
20188,0
20189,1
20190,0
20191,1
20192,1
20193,1
20194,1
20195,1
20196,1
20197,1
20198,1
20199,1
20200,1
20201,0
20202,1
20203,1
20204,1
20205,0
20206,1
20207,0
20208,0
20209,1
20210,0
20211,1
20212,1
20213,1
20214,1
20215,0
20216,1
20217,0
20218,1
20219,1
20220,0
20221,1
20222,1
20223,0
20224,1
20225,0
20226,1
20227,1
20228,1
20229,1
20230,0
20231,1
20232,1
20233,0
20234,1
20235,0
20236,1
20237,0
20238,1
20239,1
20240,1
20241,1
20242,0
20243,0
20244,0
20245,1
20246,0
20247,1
20248,0
20249,1
20250,0
20251,1
20252,1
20253,1
20254,1
20255,0
20256,0
20257,1
20258,0
20259,1
20260,0
20261,1
20262,1
20263,0
20264,1
20265,1
20266,1
20267,1
20268,1
20269,1
20270,1
20271,1
20272,0
20273,0
20274,1
20275,0
20276,1
20277,1
20278,0
20279,1
20280,1
20281,1
20282,1
20283,0
20284,1
20285,1
20286,1
20287,1
20288,1
20289,1
20290,0
20291,1
20292,1
20293,0
20294,0
20295,1
20296,1
20297,1
20298,0
20299,1
20300,0
20301,1
20302,1
20303,1
20304,1
20305,1
20306,0
20307,0
20308,0
20309,0
20310,1
20311,1
20312,0
20313,1
20314,1
20315,1
20316,0
20317,0
20318,0
20319,1
20320,0
20321,1
20322,1
20323,1
20324,0
20325,1
20326,0
20327,0
20328,0
20329,1
20330,1
20331,1
20332,0
20333,1
20334,1
20335,1
20336,0
20337,0
20338,0
20339,0
20340,0
20341,1
20342,0
20343,1
20344,1
20345,0
20346,1
20347,0
20348,1
20349,1
20350,1
20351,0
20352,1
20353,0
20354,1
20355,0
20356,1
20357,0
20358,1
20359,0
20360,1
20361,1
20362,0
20363,1
20364,0
20365,1
20366,0
20367,0
20368,1
20369,1
20370,0
20371,1
20372,0
20373,0
20374,1
20375,1
20376,1
20377,1
20378,0
20379,1
20380,0
20381,1
20382,0
20383,1
20384,1
20385,0
20386,0
20387,0
20388,1
20389,1
20390,0
20391,0
20392,1
20393,1
20394,1
20395,1
20396,0
20397,1
20398,1
20399,0
20400,1
20401,0
20402,0
20403,1
20404,0
20405,0
20406,1
20407,0
20408,1
20409,0
20410,1
20411,1
20412,1
20413,1
20414,0
20415,1
20416,1
20417,1
20418,1
20419,1
20420,0
20421,0
20422,0
20423,0
20424,0
20425,0
20426,0
20427,0
20428,1
20429,0
20430,0
20431,1
20432,1
20433,1
20434,1
20435,1
20436,1
20437,0
20438,1
20439,1
20440,1
20441,1
20442,0
20443,0
20444,0
20445,1
20446,1
20447,1
20448,0
20449,1
20450,1
20451,1
20452,1
20453,0
20454,0
20455,1
20456,1
20457,1
20458,0
20459,0
20460,1
20461,0
20462,1
20463,1
20464,1
20465,0
20466,0
20467,1
20468,1
20469,0
20470,0
20471,0
20472,0
20473,1
20474,0
20475,1
20476,0
20477,0
20478,0
20479,0
20480,0
20481,1
20482,1
20483,1
20484,1
20485,1
20486,1
20487,0
20488,1
20489,1
20490,1
20491,1
20492,0
20493,1
20494,0
20495,0
20496,1
20497,1
20498,0
20499,1
20500,1
20501,1
20502,0
20503,1
20504,0
20505,0
20506,1
20507,1
20508,0
20509,0
20510,1
20511,1
20512,0
20513,0
20514,0
20515,0
20516,1
20517,0
20518,0
20519,1
20520,1
20521,1
20522,1
20523,1
20524,1
20525,1
20526,1
20527,0
20528,0
20529,0
20530,0
20531,0
20532,1
20533,0
20534,1
20535,1
20536,0
20537,1
20538,1
20539,0
20540,1
20541,1
20542,1
20543,0
20544,1
20545,0
20546,0
20547,1
20548,1
20549,1
20550,1
20551,1
20552,1
20553,1
20554,1
20555,0
20556,0
20557,0
20558,1
20559,0
20560,1
20561,0
20562,0
20563,0
20564,0
20565,1
20566,0
20567,0
20568,0
20569,1
20570,0
20571,1
20572,1
20573,1
20574,1
20575,0
20576,1
20577,1
20578,1
20579,1
20580,1
20581,1
20582,1
20583,0
20584,0
20585,0
20586,1
20587,1
20588,1
20589,1
20590,0
20591,1
20592,1
20593,1
20594,0
20595,0
20596,0
20597,0
20598,1
20599,0
20600,0
20601,0
20602,0
20603,1
20604,0
20605,1
20606,1
20607,1
20608,0
20609,1
20610,1
20611,1
20612,0
20613,1
20614,0
20615,1
20616,1
20617,1
20618,1
20619,1
20620,1
20621,0
20622,1
20623,0
20624,0
20625,1
20626,1
20627,1
20628,1
20629,0
20630,1
20631,0
20632,1
20633,1
20634,1
20635,1
20636,1
20637,0
20638,0
20639,0
20640,1
20641,1
20642,1
20643,1
20644,1
20645,1
20646,1
20647,0
20648,0
20649,1
20650,1
20651,1
20652,1
20653,1
20654,1
20655,1
20656,1
20657,0
20658,1
20659,0
20660,1
20661,1
20662,0
20663,0
20664,1
20665,0
20666,0
20667,0
20668,0
20669,1
20670,1
20671,0
20672,1
20673,1
20674,1
20675,1
20676,1
20677,0
20678,1
20679,0
20680,1
20681,1
20682,0
20683,1
20684,1
20685,0
20686,0
20687,1
20688,1
20689,1
20690,0
20691,0
20692,1
20693,1
20694,1
20695,1
20696,1
20697,0
20698,1
20699,1
